id,y
10410,92.25515971415611
718,-225.25165504328834
5931,151.94733997451135
4083,-90.6339548926276
210,-44.47894701204195
6825,115.3444502684183
13348,-301.33647694724436
10458,87.24709409295954
14295,223.6585381703101
196,147.01155222948668
2382,47.802718059162835
5617,1.7257773161897387
11850,16.487467888565508
1175,-143.80902842950564
6868,43.383354083915584
10347,-174.59342192201814
13946,-86.28116726788646
1974,-48.87942591719445
12776,122.62751774070738
2715,-191.89494193189398
9583,50.61110656342231
742,144.00976330734105
5671,-81.23077506782424
5857,-150.95528047959334
6591,-211.32937638102808
6516,229.59719468141867
9560,156.42757045789818
620,-149.4953999331114
1265,-37.47623050708574
11836,-72.6425300744514
10864,-51.206612419602514
5898,45.34934457184175
12181,-16.36591792483524
8975,140.06226322244206
976,173.57650571573632
14531,-48.88561032797737
1933,93.07641891112894
8460,51.59671015364531
3351,110.39382830478998
9272,-37.2140770843154
10461,-186.23071281555167
3088,68.97110214874603
1870,-208.62882125397329
11306,-89.96025727439786
4802,225.54014577538263
7929,-121.0429911224573
4765,115.87390963366522
932,-177.08608809197727
9719,-65.51114679844565
9199,-281.85087322522384
7654,64.35755103464375
4763,-37.298588152981004
13774,53.125606267045505
4605,-39.235921177163945
2265,43.83981651842944
8992,172.76700904980018
9282,-115.30571394976785
13473,-15.705343235259203
11800,-100.36399644251405
2395,-35.52057177870096
688,70.51667881481208
8364,31.752627104843164
2258,93.27243465176137
5243,21.822099029384287
6855,-77.62778950078753
12287,-47.49011661166535
4715,186.665970079744
555,-73.42647940697519
12800,81.04456434947944
617,27.87288708400732
12631,54.93080037909447
528,-222.36674000183734
482,-208.57394466262895
14296,-134.6638213485484
12710,-163.30180717011984
10738,-76.007805345807
12005,390.53594607100723
2300,-93.6923212328221
4421,66.16283845288159
5496,93.95197727100181
10026,258.3059981163911
14394,-40.487614530356204
3681,-163.5926176233523
7256,-18.718397840847057
6075,-65.48084202499157
13184,-104.06763660674618
14964,204.534144425532
13096,-67.67103309911208
11657,53.76364109797297
12166,44.42925349251059
5350,348.03431017459985
3875,38.92523900655345
10338,-3.2828359452231655
3106,-114.15779642344243
12964,-50.425634080235135
11633,-34.17264500208825
5502,-72.7416377075278
4276,-71.38334991857407
10698,178.91765157898507
5620,-243.0325927291759
8895,-197.1474597082994
6187,133.75972526793444
3429,-191.2114923681798
5740,-101.38643972133826
12770,149.4014331142095
8149,-199.94520367868117
9748,-49.62282767793066
1603,69.4671824583684
9398,67.8364111977116
12340,186.3892787046614
5573,39.089087173361406
9823,-86.2294062091118
11563,60.10261464552775
10087,-9.21957577328099
5716,159.86759952095514
11467,78.04870376854122
8751,-41.89266810763417
7863,204.91881303724568
8752,-67.2934765220888
7556,-255.99159833708902
900,139.66169100879475
7632,395.675998637373
6900,-47.179449997354126
3962,-43.320175500134255
11430,25.120632366817336
8497,163.00786759032027
10807,-49.87438372356891
10865,-64.8022717653245
4629,-92.01290666465506
1155,-49.59332917362792
10142,-109.96657224299307
8283,-86.20982775691466
11545,-5.9404076090799505
5891,181.55344714977937
12092,-129.00586164637457
13717,-146.44411672295413
556,5.1779487293411846
1086,7.227511455922245
10817,96.41675583301719
8438,-131.06605621430094
10882,-259.96080541119477
9947,97.83193368014976
11860,86.90754200135828
1501,-244.40627968638847
3709,-137.38922839925684
7416,-27.661121183341994
5510,-64.49779182023666
285,70.52168329244422
5723,12.343900145252231
488,125.17509498543323
4212,291.3996775706898
13595,174.26344017496956
11799,146.4320580701929
11290,-224.01715533919193
14444,-144.58211757377487
760,34.95001889656264
2131,-143.14339883410133
12064,22.45886245080193
5677,-73.66918150638095
7448,-166.40384581866203
5000,-140.1428914708723
2908,-131.84794946756222
7855,136.68475073913342
11899,73.39114604909265
14300,-20.454825093697462
11075,114.67928048181986
7957,126.39146838189984
5117,-125.25335719598507
2772,297.82931871086936
6313,93.92039542277543
13597,-147.154595883827
5062,139.90584323472825
6928,54.213091208483355
4819,133.2508890614918
1718,-162.0509986188756
6558,47.57281345428543
13952,-222.4239075074132
10455,219.07740590491224
2,-27.031312548113757
2240,-178.06895793934268
6988,7.411101328908086
9729,-173.81101809949737
9218,206.6395248616659
1120,-39.298369565860504
11265,-138.43563501015166
9509,112.5532604489273
2182,5.833029300828675
14729,113.56406900153551
14743,70.27054727298228
12661,13.054252108429656
744,-223.68450020283245
4699,144.55308526190407
11128,182.80487641030427
7758,-22.160153046131445
14976,96.83507180185602
8863,79.9189082567544
3438,307.88940667438055
14042,44.224092947903735
10032,-112.3817162654649
1641,-19.733593951039534
9730,-32.413201076796916
529,-191.19261655968688
4941,-57.411644013879034
1365,50.82755520678208
8284,50.609303085351314
11391,-120.04868313380366
11510,1.4190214609699194
5490,-166.08802147297138
11879,111.98088042704534
4472,-39.71913418425269
9059,-38.69287390619524
2837,-108.78330129935723
12320,-243.57196693715682
9779,8.425269523379942
11708,95.6141553825389
455,-97.85648127052978
6562,-155.3558175255374
893,44.64130445811198
4850,-102.18290287290658
14085,119.44744280638268
14106,7.532488999110119
1940,19.41586582547532
8390,-412.13227939056236
13863,-43.15764798362889
7793,-22.35246237246208
1768,-289.8716858287523
14598,-60.83151394138807
13832,99.69267742485434
1013,30.405768478526472
4203,-84.39099840332038
5442,159.23677801449068
1947,-55.78203479247359
6866,43.67196345410493
12677,-210.60328311205362
11393,-62.355039754968764
14101,191.46573677314595
209,-41.11119949589898
5333,83.48125776756652
2861,21.491146890274575
4776,-57.49857730642098
8001,53.17090368577571
2912,96.96647845866111
2611,-18.665904723474988
3551,-24.866952757854538
6294,124.95930457173652
7111,-130.63969140124075
9484,126.59825184509238
13148,85.92942334718849
8025,-106.2100373271605
10016,149.01948735533557
11136,-59.345371519253874
7209,272.76192426668933
7486,87.19963169752691
11494,199.7825638771089
7362,-20.201586917694577
9804,141.36063448303102
9381,267.0611368862006
166,57.14573813030193
9144,-79.65991598032474
5888,-205.59383574929186
2638,-44.07011823612107
3109,97.02934027160596
7002,202.00357933672896
5127,65.89735289521427
10743,179.9065305775142
5599,78.7745564129019
6695,-83.95793271258567
12962,98.88637402684633
14969,11.347949990507562
8206,-105.11511690582527
13905,-44.284458810367234
5094,157.56469961126626
5664,110.90988554562018
11406,-326.730179747495
3939,56.842060080226666
8719,29.689311728678167
1594,-81.26620010622585
13140,-14.221535404563197
4380,-46.61083066269606
10952,33.401568595434945
6687,51.05715393818303
12076,-53.64509205979653
12503,181.05841614086995
11341,-184.31067589435034
14068,-75.81729413627238
2973,-76.80506641896234
12195,-141.75778230002675
14762,22.897473405009965
1953,-109.63240163316645
3891,196.6127803842293
9232,-292.0774618949464
689,-14.228680375243343
8632,213.7564060661799
9309,119.77804153398374
930,57.04939011349614
7204,-57.68125627401279
4082,8.880876539479022
12204,-89.21669044570473
4209,-9.328261020916617
12203,-148.9906206240297
5553,26.973619502265226
10204,-7.458359862331089
6925,119.68349468063893
886,-191.2543106205743
9617,-17.406580311675963
11003,148.4310662151582
12557,-323.0067273665548
13862,-276.8673539027526
10907,-66.08961976654093
11274,118.87531477205413
13460,-97.3197451050252
9878,-113.0850717365296
1709,-96.66001957047308
12862,97.93625087352997
9391,-61.63805634833511
7998,-94.91602015020106
729,66.61653234863137
12135,-56.53092172517896
13035,-186.40478493649883
11399,103.97254484771754
7018,-50.526840617591496
6714,-6.969379544402381
5877,162.31079617256282
3294,-224.76408838410313
4287,95.45847612361173
13694,-7.116465018825418
1626,14.836856003212194
7786,140.2129882080003
5325,61.16019858938133
12416,59.21302776292496
8944,-23.84744948340808
2375,234.21045708060933
3258,-238.67550546337722
164,148.12262445990117
14229,-48.56779168866078
14509,-74.1225592286503
5400,69.23456935645997
2211,81.95647940352485
6813,-101.08472389784943
6406,-174.72868707032376
4553,-59.54527176325573
4916,-12.97293140529784
13945,-225.55880826032174
685,57.3608929213696
6809,109.9865709298618
12822,-5.184608072732068
3523,67.71576360638424
10825,291.63943169538896
6686,-50.411403522090204
11845,-54.56483237487807
4647,46.50402523458776
3781,-46.077703774187746
798,-39.62344331494922
4618,130.8863725411164
11217,-74.3823274519781
7212,70.1349226122237
12722,-19.9343516983838
13881,-15.915619666077443
7511,54.53753432122131
14483,-28.348274692312454
11502,-30.088357756429925
6177,-205.16875246973814
1081,-252.2415608006996
813,-168.26362402364373
8935,-9.050152528244457
2787,-71.60566131325464
13045,-6.915707383075133
591,55.946885323363496
12012,-93.00532379534779
14881,-26.652934494908827
7022,-0.6664373598155459
4211,-75.4625602946813
3635,75.94744484919151
7719,71.45659337561051
8845,-198.2240682410584
6859,-46.05106300077108
6155,-45.23510313258107
4592,246.09691191761274
2632,-251.90653667705055
7230,-181.7115998914583
2295,-25.621700517818997
2839,120.95379321473875
12000,287.2037680648163
13880,11.451252170064517
2010,-179.8937653248487
8772,35.51624673165596
12891,114.35441456924478
6404,111.0474262370472
8259,-71.96423515803608
3439,140.2107796086543
13357,-109.61656068636803
13471,-72.65266884819326
9759,43.35964558504072
11938,-134.11620889052415
5822,26.458271148787492
5189,151.89238614212283
11932,211.7638837108413
4717,-104.16717595616315
11511,40.44575480882201
8414,64.3190248782464
4304,-170.59373466339596
1394,75.25256170133305
10024,54.56049975383292
12573,-17.36560303436205
961,-273.24203992329564
4555,-258.1889911865056
9925,20.945222857811576
5691,129.63118583118913
2939,-114.7843833619468
5561,-34.880600484015886
7036,-166.85665501205082
12708,40.40790486426027
237,67.32899784607278
532,-411.2605737488737
915,163.1791645306885
7412,-139.4775539091789
7439,-231.87319724043635
9973,-170.02815379396
9546,-13.340267801189608
11012,206.28463585678634
4839,-193.99367408797164
6051,77.25795887285946
11444,84.26101645550241
5608,19.317091382879898
684,-58.04508280954375
6964,-61.00119345190238
11321,-109.88253095808061
13316,-108.5733245007002
2665,-170.20616916078978
827,-81.5080943924476
14466,-114.01985707283313
292,-101.72072217552157
6744,40.55759864407417
2795,11.489220329721695
3903,-115.4223012044174
3910,201.1892926454734
6970,116.88190601326998
14838,-72.99483442402638
1942,29.69861863705555
13915,265.08661638435706
7479,-113.41158715535934
11244,29.416116282745616
2063,-41.919164303926486
1189,-173.90342142121264
2592,-70.08811724931388
8768,-77.44391149144465
12637,17.785224488131764
1788,-96.7924083687912
5011,-154.3323639447518
9276,-6.383603680987664
3370,91.22808020911837
7936,-201.7860296677636
1349,132.01906857486318
12681,-80.23576884186156
12577,168.0634493337166
9771,57.74749118251623
13396,-57.145747552752674
1602,-242.47340630081843
5283,-57.21345398464816
13890,122.1920430825135
3331,-128.9922007147458
11680,118.51583974997608
11621,-122.0465647034552
8538,-0.31722501721231156
12156,38.04109240739283
2154,249.39665967938322
11439,347.4461373700803
464,-118.84735271505322
769,172.18090784715756
11982,-103.38025737487463
4283,297.00459549354997
10416,63.76340882246698
5297,98.6374793696594
10644,48.005536676756655
1550,182.1079846813034
11296,-92.72667900709315
1010,-228.41503979509665
3527,227.27414038777826
8959,260.43617157727425
7886,22.332954183122308
14273,-63.78753517439512
829,91.5933003935888
14698,45.39573056048549
12110,-146.1388357993451
1969,134.30869888559891
10058,-14.732055096379622
1601,-299.4955083447533
6196,41.7830850099202
6257,117.92380353665752
8055,70.23431362029618
14541,-216.73540539573096
1340,-138.00469276352064
8131,43.4237563514884
332,56.7716897498017
12593,42.78366584172665
14014,295.7693924145466
11618,23.97417836447053
12672,-109.40644797963542
4997,75.34416042036017
12460,-34.26177390810003
4549,-247.2048853239892
11643,-15.595906087997655
9800,-8.46536003945146
6417,-80.71322672019036
8661,-102.46016862550444
5221,58.758153793742075
4274,6.7590431466670315
14980,-100.05209737670084
2915,-92.45704177073581
7548,-1.424463726382068
2473,236.21461827843675
11664,194.7164749989827
1575,-78.03692950154606
14841,-63.62235236314522
5726,35.29024421981268
7554,276.681343533514
12805,-51.06818323492784
12304,-70.57610769844673
13256,-96.39269302967061
1805,31.53449901099076
7493,86.27996138621525
3108,-258.9830172546985
1581,-22.20117312645066
8884,-108.83177025450452
13499,60.465964686582815
1071,20.92304104291971
4981,-33.55323568365032
8598,-42.11892235035072
6997,-35.3579178032396
9671,-124.63439322606472
7575,-18.55438154060418
365,75.92615622828784
11773,143.6601243778978
14379,-42.13903866460753
3619,-250.1139814795572
12115,10.41272826357994
6982,89.84872329681447
2202,-54.34161058954571
10392,290.454234478433
7612,8.956905976198204
5910,84.26546831939272
5927,132.35370963593843
7313,61.774328144906285
13977,-198.01152458136193
4210,0.38018182475852014
11247,141.2831760811894
11569,-3.5507712160415212
14174,93.1109257404286
11689,14.981049879720754
11672,-92.86359101334244
4476,-78.87104480079662
13041,-128.8162689445378
8106,189.84022965711821
2110,0.4873653176950553
20,-50.08912288143171
14508,146.37980855999797
8334,132.14707031980564
9008,-65.14960891171162
545,-32.919008519458465
14317,37.104100447401215
9369,-264.8651547802263
7997,-41.08664189465686
7495,61.38536010825967
8614,43.63907956858856
12227,150.36785651877224
8592,-39.27911508107895
14645,14.081807193976775
3636,-39.08906082643727
8458,-24.62806288981825
10062,-186.7380180922536
11935,40.26950033422053
7390,-114.68543497511791
1211,255.03695174291812
1316,171.40248104412265
9903,-52.77881984633577
12183,-237.49958147974937
2646,132.4619512654857
14637,139.42755914637561
11227,-19.812727205360847
3333,225.80840844120124
4686,84.60387633744891
7107,169.16223967654034
14494,-120.97983208184706
10949,116.94324363384507
2499,29.078071268872936
3424,126.77633726471792
5549,74.24801671846548
14540,22.725617064805625
9115,-95.11293568687317
12152,-88.12441404927094
2870,151.18865974876942
4951,145.58069281431017
676,-83.35125799332651
3926,-87.87792659304264
3043,-43.183386775542196
9721,-2.923550955456871
12129,135.97864052739385
8340,-175.12864563415317
10845,-95.58838264287843
6890,-110.42965435876367
12452,-219.82639661102692
6937,38.077065068518884
14546,-179.85523613745264
12242,-150.8671537035886
8378,26.491089449341562
1080,-77.60543503276065
14914,-57.857158254606766
6681,-145.6927876851277
4065,61.726143697948295
13574,-57.54824422246701
10357,-118.83295422532628
4394,170.6643360022895
7912,67.442733389583
9486,103.13276475385497
4091,300.06235191026667
6657,311.86977679248497
5555,-95.30614491978643
2942,-20.8837531552284
4148,104.53065913977507
5911,-234.38709007604453
13513,53.31935542327657
6658,159.81019366897965
2680,-56.30696957204223
8577,-154.40510078922912
821,47.52940893907662
2855,-13.564833875301343
10344,234.74725671613427
8199,17.851115489261232
12222,190.0972933465447
14896,129.82713112572932
3969,-20.5335131213082
5225,65.65115585268424
2753,40.79415655325897
14981,152.69040819456913
984,117.59920037242323
7331,194.91131689791507
1269,3.2053052957260246
343,65.42888979987907
1311,-209.51918313384428
1719,-66.24897284548624
13043,-44.57355050574929
3931,82.11617653151673
13038,-4.163594807521679
14764,-18.643340115199454
13380,-226.96671227632467
10171,-17.275214500885436
1621,-38.633952811740436
13466,72.49748241791644
4875,142.5749813074824
6498,83.42366239321588
8703,184.49217470534575
13608,-217.50626487856934
6879,-296.1649804896912
4774,40.78154149041013
12552,-226.33865459105905
14922,-141.6914809538532
8362,78.28622259025964
10206,-23.46482371068308
5540,-31.547625807733017
13245,4.631467518872928
3626,39.086380681871276
4230,24.708515267046604
12554,-266.20026651371626
2895,-87.14831027644355
9984,-62.38487312674681
12248,254.0536609185034
3827,-121.10652386223701
4,125.39224182727857
3094,155.54169109059967
8844,20.452026850214086
5220,229.1287271501371
4858,221.65494101950964
13632,36.863475224608685
14283,12.356834190437791
6421,-73.13445797446876
8849,19.227528174784343
8970,-33.23192099158485
2356,110.04447523875932
12842,173.00874964481565
3784,-36.03554443530195
13820,-271.5568463251525
7689,71.26231899371088
8280,83.26256841332949
9402,-15.795973044241578
8936,149.46455880718247
11725,102.30900818027804
6224,72.27688530860378
7417,157.76217902022307
11267,-94.36357661236853
4970,42.8763873820373
2829,-29.356321989403877
10462,37.791488447106204
12900,96.11907409220146
6100,-463.0448757699043
9897,-34.06082140970899
9750,216.37667563447457
11242,170.79569398043412
10052,-5.284015551042432
8656,138.7488647685326
5072,-200.51786624169952
505,-177.55398586671038
2970,22.115398264423533
8396,-58.36492635176325
7506,245.45641558689888
557,159.47559918877423
14157,235.63557161283168
6697,-342.95130216033317
9236,31.870336051121807
2303,-101.54147108110028
1413,341.6430245650457
1196,-83.7189482586471
10342,-371.500821125862
8352,-19.05443632897047
14684,-116.7329514946529
3792,-191.68595393949573
13953,190.55965971300878
6649,2.6539529212879818
7386,139.29381227540983
12913,-147.44722803035583
681,-73.98390679949615
13188,-50.54153493624181
11191,154.69192633039822
2448,213.63898296024226
3893,-191.08121430671238
9120,267.7777586070916
2379,8.826739150681977
6485,-23.644038084550726
432,262.4844172073463
6131,169.69585932550532
3850,18.345468278093666
1113,-28.106069369886253
10408,85.58165890619864
5747,100.02307297129617
7909,34.25243419912575
11445,-106.50937542213659
5455,14.905326108789485
11578,-159.55119013969235
8366,73.3902166678256
8701,337.76771697632296
11771,57.27404222993215
779,-109.63211115493907
10923,-39.51183693622064
7047,-96.25243567889986
14034,101.98635047128776
186,237.08836329261837
2875,22.175027076486483
8730,-94.64999895959531
8014,-147.4182315218304
14107,50.15700010191696
9704,-34.82844111210876
4066,60.298690797126696
4922,-246.96731574756853
10396,-444.97530696648045
10301,-88.96803116454188
11033,-96.27780344740681
6020,102.66533037552036
10242,62.46619761570065
2292,-6.705669663829894
96,-180.10864928881287
13507,-167.4299022415174
2392,126.56152384206028
3452,19.860063194956346
9032,-240.9510613492108
9503,-119.1015304883669
11737,113.89250834088507
12744,-17.821354771797164
7926,-317.5209757980535
9859,-285.049504112305
11441,34.98923615246689
14871,-165.07839436737873
14152,-94.26622396886889
5218,51.99377748877831
11998,-121.56641921135213
1760,-38.57393329413386
2905,-74.85087454387103
1276,3.9612571512615244
8902,43.18928787015707
12612,174.2396533302465
13074,-191.57571030253897
2264,129.5723903388098
6351,-87.00084173300152
13227,-0.6941454570868298
5146,-101.91862046595945
13439,-51.15168914185567
13916,-182.8617612623758
3971,-67.92274787986587
1660,140.81836450119178
12366,-1.7889456996978867
998,-85.70760501627163
9435,52.51217405331213
13225,220.32233035934848
8651,-240.98972365632912
4244,30.919698883604447
10659,140.45692744604355
10928,144.2029048926799
13885,-15.942793483017272
9853,-286.3999508216395
11468,3.624278348083909
14094,160.80964088015992
11649,-23.51148344916533
9605,-6.439284625720847
12647,-166.23389210929506
4186,-73.35712362555984
14482,-39.222335904178514
14186,149.19189924585586
13775,-107.18321993603034
14347,20.72464820113147
4321,-295.08899055326856
673,-54.22223260873333
10499,-158.7583365479738
9423,-81.43566373771453
5649,114.86008072210305
3231,-96.72163280920819
11575,29.732575658399686
3978,23.680647234085964
8784,36.78370423982906
3138,68.05000040185551
8931,-72.5913179610222
13216,151.81888508721624
7297,3.733525771821608
7321,-44.36060759397042
559,-87.28797237571014
4182,34.795086512981534
996,-102.75930532916176
6306,-232.5720912949529
11409,159.84115142046542
13570,18.438681234657256
13168,9.68142986685233
12949,-60.5857512467606
3192,-44.424862976009685
5375,133.41655988290069
6199,125.4480276212277
6746,-56.11543763820233
2550,-266.18835617681503
13553,82.27058204851427
10934,57.30310740520065
7135,-63.701931320987306
3492,-248.22435253135518
6211,-121.53052691345067
1148,-86.14851927607164
2937,-182.88016206279187
5066,-40.57536643343723
11863,24.224010828206826
4272,-109.55082410312797
5725,182.35237843739802
13888,-178.77519558788023
14054,97.34930924087598
14226,-95.01447953737664
9382,55.50948646859387
7726,49.83254064710571
5176,-5.823368675020203
517,139.95038260671467
6235,-48.96449301844035
13177,-83.48564899018395
5986,-96.96710068722236
8866,-169.28006474102045
14201,84.8542630678984
3418,95.60314074880351
10860,56.60804958513157
6525,-99.5590224706181
9846,139.55156485685538
13011,7.252994265389362
8322,37.51215367430245
4172,-119.95912284995649
9345,54.85167622622786
8165,-259.313486462792
13013,98.56410630446437
5955,-57.54421039142849
14855,-79.12389248988677
4867,8.120350189343544
14425,-150.8212338829778
3720,-108.0759188983109
12511,63.580657499327316
2124,-119.1137132403383
3731,-37.442480620036676
2234,-100.3972138549187
7478,-114.20323940271608
10453,143.44740388251847
6357,-124.56641162465725
7279,-200.45183246391858
10099,51.32514918943617
8680,33.404962887087265
12907,77.29508252586952
12244,101.03853780141507
2706,219.52634971576575
1505,-185.07801207614068
6490,-56.01168558841609
8308,-95.92838064646857
9587,90.81361992441764
3777,25.44793459283314
3267,94.37666925863245
8741,88.99603180193655
82,-130.0792522258052
12856,-509.7116597225354
8070,15.773385535205488
687,310.9047097422852
2765,77.86670321611834
14813,-91.53242145008456
7142,-170.7841358601189
3707,263.39821035197747
14196,-116.12938517295461
14874,65.07839402589981
11632,-36.76671219379008
5991,105.09975832872115
6356,-28.98947653628367
4624,-173.57366820085625
11197,-229.20031316775484
8821,240.52094823150853
10978,34.474859668839116
11195,-259.1773620531379
2485,-240.8464136796558
348,56.53259113149527
11016,156.41478028831844
6889,7.537727550816709
10326,110.99314700360475
14252,-0.9506873740000324
11384,54.297918509941034
2639,-169.30062075069236
8536,150.16796779542736
8956,104.97945916951768
9038,33.23509212647827
14752,235.9301686619203
6579,-148.91875753872986
696,40.7786627481045
2158,-38.66706872272224
7441,44.31785690141994
121,33.90165362282147
5607,47.569052274333096
8949,101.81788762421347
3290,16.24295560963315
395,-28.41798023975357
6898,-42.55485698241582
2398,-79.28552343975753
123,-46.21358633882948
11275,181.84933468430177
3511,-218.06761372863699
10120,27.040883258869602
1152,-136.0581392490341
8104,10.77371074290537
184,176.04293997304276
867,-62.033810869553456
3314,84.93298093584161
3785,23.006365570201698
7134,2.4261459324940913
14093,92.28611216710387
10464,-183.7582854099879
14012,-19.44011113268886
10746,-235.9413255801174
4121,-47.97269167434954
3380,-67.58558826809939
7582,-271.43341140008334
13481,-42.27802990398242
9085,-287.71119939493684
8407,-249.99682485228266
13650,59.51908949416403
1911,-198.35265460844258
2074,-119.63687369876384
3394,116.38223008072323
5832,184.74341232023735
3807,118.01054060082605
3269,-78.63222303216803
10871,-308.83466453303123
889,-166.39583230411588
1376,-133.60531049731028
7307,-61.32312872802152
3307,19.591066642507375
13050,-89.53551755420948
13133,119.33352240518839
6651,-42.01011714490634
8622,56.884300164409
10936,242.08958447745576
1033,61.85053300861964
10060,140.9034806207444
14652,129.31339125004496
2965,-267.61722219705825
8876,-92.21462617059699
334,-152.47098393934616
13731,-128.99079985690332
12050,-106.09308971116174
2551,-241.82887540211647
13995,-136.51343309360368
6251,-119.59722607628548
1834,17.739410503074343
13547,-213.1911941403325
13944,-307.2540027503833
14898,28.66690115459193
13508,152.78007840864598
13673,-103.7930217918608
10149,-32.72655982856832
9882,101.78434939329274
8241,106.3213283393943
1777,-173.87760057564464
14472,-47.50495378532233
1,39.90641161028285
8175,143.98658675335227
7218,12.21623483753482
11749,-111.28206359878126
4076,46.83552180258622
4980,-45.93982035115055
4821,-148.37892965618528
14759,140.25529070140013
9830,-41.73531940561912
11888,-27.959320437210724
298,110.47581024900902
12877,-108.4668060510749
5253,363.2909357593874
11448,-1.7485035620967104
10044,-39.5373104346014
10014,-153.77998048087144
5662,198.1810584965942
14150,-71.88419614475389
14175,-111.75596680866569
11271,-53.578282549279386
6724,115.48532310738958
11280,137.54529561700483
9185,-135.5944513551009
375,101.94988864853012
9168,15.39433285483943
6229,73.88588362660836
14883,-124.22395381136032
14257,-50.580993785087365
10587,223.89220991894354
7897,130.86346612514404
10781,-235.59245978748726
11755,-6.4450237184023065
279,72.50849856888367
10331,274.38605945411945
13557,-182.6046658223351
5453,119.46807248524735
3097,90.92138478047919
12972,36.13445235157694
10849,-219.99833098606635
13707,-205.7588078642879
10584,78.46557808053578
10237,205.94271293171593
784,70.0072452002864
32,203.26281327371566
1161,-80.22568168904047
11570,253.5677334844859
14538,-44.90386104257883
6842,275.7989237748259
3901,-42.810873911998584
9970,-187.0912405917944
6175,-123.79249848793283
5489,108.72624454667245
2288,136.53200235133076
3497,-163.11587265193398
1212,-68.06989033886815
7553,-14.522384872422915
11979,-53.2721096619272
2319,-192.56049441690644
8561,-196.06569553961737
6846,-123.21114587199126
3520,207.42200918528272
14941,-188.55275486871685
13420,60.461702062094254
10709,-84.27255358839608
12444,-207.38177771143714
9590,84.49777857956268
8032,-120.40680458112725
11093,162.86686255632537
8248,-89.4900601835777
13493,-146.1421182372318
11950,97.37354163055181
1360,72.13126397048227
6977,50.07064726275268
3185,-78.53243766472997
789,-71.95127250060132
13948,252.5450711941911
13555,-102.47379810620971
13991,-43.51407196847679
13165,-195.4591697855739
5383,-90.4148019153985
2269,-216.46401115587793
3356,-149.81575813666544
487,-9.802252752595091
2438,89.82546722830148
6487,-86.78917866566717
12026,129.94805366868061
8317,-14.13951619271965
9836,180.3304622052682
4362,15.910644385699936
14032,-62.30745744255203
5491,94.14866959775485
7626,234.47322414753478
13784,-46.661411152866954
3717,4.804660929789394
880,6.276092096478796
4755,-174.53052645375774
14343,12.11205713562677
8422,39.00434948830111
10479,45.75734584803688
4637,-58.26565049107206
10517,-40.73867025913327
6942,-29.534288572917415
6161,136.48769624021614
2856,-91.3231693361095
7126,-241.0072004093267
10104,40.108786100621735
8530,31.774501168806676
3390,-23.72201792359291
10623,-13.333519486656414
14307,21.478471432430712
13941,-118.74614187115637
9581,-35.26101395773266
9794,57.646256939935576
13693,192.85652017355577
12403,-32.77794973402066
4309,193.13563118263738
10194,-106.6617023414925
9943,-236.3951207403093
9447,33.18540473162327
13766,-205.39075513011767
11593,8.717254588270965
2083,-51.83520075170117
12151,6.999421332622458
9548,-145.02774729885328
5193,-2.1328336258422627
804,315.6871399190615
9039,223.14086498834527
12947,-216.0384006556835
5851,-56.67279024452842
7850,65.76015004197815
11240,94.67915108600972
12881,-227.36535933334602
8406,-198.31073880577316
1713,-53.28578083664647
10022,18.794941295928194
14571,-295.62902587145
7607,54.66659374716975
8087,85.37305546832401
2571,-103.70834183280174
1439,-295.98472088505747
6547,-101.7437422217233
4790,16.52288597960378
7309,-74.67486278218759
10030,-89.91854413991305
114,121.54132682604968
12784,207.842834793614
7470,-144.66096620794605
14994,-147.9264049709361
12117,-58.13260783931273
6675,77.47491551181224
14437,-167.02076322039332
14131,-121.47212247885238
12685,-37.532766994926426
13145,315.5400918451929
14885,111.96430781403575
5529,-56.880960232803126
10011,148.86776772942986
665,-93.41184680073233
7767,375.88004943658535
2729,105.91970728734745
13482,52.29402907711455
11877,-23.195643757386488
5824,-181.9174397649557
13182,-31.87525447539633
10136,-282.05999592448677
4513,-83.28615662940912
567,27.11659853967291
2542,-149.25292351753149
1898,-155.40884782842534
8808,152.1479821931921
10126,-73.37968692405123
154,54.090109940937175
3944,-144.96511203282836
12714,-125.75967625864634
4688,-37.104051187401616
2353,-65.5900987106702
7120,-23.623346885983207
6322,212.69758958121292
11942,127.46988730244307
2491,43.642221535973086
1224,4.521287731213804
2429,-134.31833118876716
472,-95.18650848733434
3457,113.81044229817954
3574,-170.56449326192347
7531,-28.440806274275317
11279,-96.39959994636257
5947,-24.491027216189043
2449,97.92824498017305
4266,213.32043625597575
6507,-80.81799898857032
6240,9.956863255820128
6277,-163.55988576501105
12100,127.8608453160554
14517,-29.956355553679085
13463,48.878711866714504
14968,-340.18528252430093
709,-82.84308868206159
2337,6.184202040947814
10770,126.94324746634491
13349,-180.17067665662856
8549,112.68858141043277
2357,114.60595642642642
14292,72.45130692481798
12759,255.1462323892528
10211,-43.1830148410527
5692,-18.691604621342886
4041,-106.48283113867764
13844,-141.09129331141915
9049,-52.43772991734541
2619,133.68473925001348
14334,-169.69445828831377
2153,74.21981372490963
13159,-97.69836630543956
287,120.72395375120321
12251,108.5211146119116
13167,301.35947423104
13063,132.1590224332425
14573,184.8298770203023
2489,270.8266119924117
6236,11.613430594956881
3123,-56.314789994135396
2078,-97.9630301433376
9567,-71.30563911475
13919,-39.73885435053703
9909,75.43367835181617
6108,-96.84280352432333
9737,-149.91533075842645
5418,112.76700041348083
10687,27.43676463231338
11514,40.381644931313694
392,236.51744672941138
736,79.51122633879612
10736,-117.3992725675203
11808,171.78418749316737
13115,7.255753203296028
8115,-313.2157667073042
5476,25.52599272772169
2062,78.64133126229994
6031,75.3202275751634
5096,-237.04193496279677
7619,-121.20286399607203
4197,116.63819518837883
6145,98.70400355566578
10360,18.495940998782114
451,70.62697095359235
8649,-42.722523403622375
3806,55.95499335642903
7303,-2.89360769843714
5861,-128.21663077697505
9630,-37.77445665327722
117,-65.30570996351979
10752,184.30645037885645
10200,-176.48014944613865
6509,-215.8977585315733
10248,-104.95398849263226
2858,242.51030756752428
5188,114.23371962051978
1540,-88.77359548773363
11996,130.32470130800309
13866,-10.049658871762912
10754,-108.21074571517214
9908,-11.38782493604731
7949,-104.09162850414869
4700,25.97960933133967
8939,-53.848415790384315
2537,-105.28090818210426
12254,368.6136156095738
8384,-101.5907511927086
10678,31.39042798035678
14624,66.68533185795759
13512,-106.22624812215848
10140,-33.55909863517517
14682,-37.98261253785382
8448,87.3735208079025
13770,225.57648002283983
319,226.93225365607898
12290,-333.97046372356664
13920,2.3535450492948446
13765,1.9690163695271434
3215,-39.82333003657073
5454,135.83799585330232
6141,145.26981479609273
9081,20.592563900488162
9268,14.955841702344305
4985,8.34935450073753
5848,133.81445261475986
5467,-271.4838040442698
2036,-127.28357688872786
2404,-57.569407325697036
13683,-301.0368534773564
990,-71.30336173351479
9518,-234.61768879205056
2291,149.4770439781769
8091,45.43407212558652
10723,-101.15341324273166
7713,126.31468148427554
1796,64.21252328915237
11599,-31.177005469855718
10477,10.172794338987405
10549,-255.99232570048756
12596,-445.76369145366317
2181,20.908085736945058
14621,98.47094738219688
3537,99.2937176217345
5247,16.58788618606505
14744,-135.0516858710461
10385,21.73566880146326
13773,54.57091583370734
6906,-21.122374932174182
6033,37.18415860403014
10103,188.1073432741653
5668,-178.92422034652796
9119,161.83642708920357
1237,-116.69646341230181
5107,149.78516253609345
835,-77.58328421312598
2360,-195.36725768447732
12364,148.3702505314396
12121,123.84777672931835
14443,206.25184464696784
9105,68.10488798867668
4517,-40.74352503945476
11248,46.82623199422243
8473,-62.26266332032387
2104,-69.84976760110213
8076,30.226088807705356
3726,-20.47159662958336
8505,26.922923590176335
10525,184.35612366741972
2671,-153.5611085738358
5161,8.449976031385916
1546,73.2450101159838
9929,-73.51861926669892
13109,25.72075621855196
13957,-167.46071773878955
13640,-90.8482905008376
12234,-225.50060618990113
2348,101.8864517663463
906,-135.99286855308438
890,-151.7211530575854
1919,114.83811712680595
12252,98.2202647246949
12430,19.836879013866312
9445,-11.34311591661142
65,85.656839216498
1182,151.53857691435022
7968,-300.8664850500016
3451,-55.976098617964404
11866,53.38118925413593
12421,-44.63964860226577
13026,104.96810674501181
10722,266.0237927828102
7961,-209.71047038086843
6947,147.03987343925152
2651,196.7192179226232
13070,10.939492157967633
1583,80.00295657216371
12428,-60.34870497997828
14731,87.02107408529594
2198,127.4869953064847
2707,-28.11331618926501
1658,254.25537032574235
14135,-125.51015596598647
13365,164.8806269312222
1979,-144.96647747021976
9890,-60.21879248567234
12897,-34.1860173885568
9979,-132.11103918149783
13046,99.62438409895289
14937,108.12143963183514
6527,-40.4396313067216
14555,89.05588028528939
9371,-165.51673046932137
6001,-29.636338833100968
4672,-92.42730395996621
10224,116.485069358834
1172,106.43281917911317
6622,95.30464671261657
14138,13.560397711058531
2400,-186.1420687875338
14568,-97.69517610644392
2676,26.663390492955383
9601,36.997832656744364
12085,-83.46829188752105
7763,-45.66934018522402
11886,13.73056642638149
7409,-114.21356268913
1344,117.74258289985688
8227,105.96115408400586
12122,-43.06958216940999
1852,303.63487185302216
4084,24.541079327123473
2159,-26.111353542609866
631,292.3171010209085
7999,-105.56283461567635
8013,94.286278016591
307,169.70418243608586
983,-287.2269218927261
14535,-62.19525111779088
5367,126.72610211416274
12442,20.28476239089837
11551,-116.41731741984839
4984,369.0732736662865
14891,365.0242389437445
5098,-27.90960667837788
8819,76.77351239272109
2142,235.444505774798
6745,98.0701568466047
3701,-124.29573976188215
12663,-51.77804816832327
13982,34.045357775713704
3553,82.65010403607712
11548,-134.04011683361082
5504,33.5193877622681
247,-18.214596670780306
470,-212.18496555308272
12089,-192.90058945429854
13467,-125.91264088297994
280,-265.72770750831233
12543,-105.50664778744742
8244,-46.677729404540166
8432,246.72249450982508
4660,89.9110406598042
14681,-154.30739238066872
10009,158.94163513875532
5273,-100.58498830313536
8247,-28.093024627565338
10840,-96.31646607067567
7450,169.6896032577303
11746,-395.1790521649377
7277,140.90056147282345
12070,122.18559490936785
4473,-84.08181306826738
6205,19.442752736052757
202,-240.54736914097697
3557,-155.97426024992217
2143,-89.37601321855868
12697,-109.20298105599505
9441,-222.61170226978783
10412,-41.412424419966975
6082,-16.25783951530295
2754,15.042164571043116
7195,-28.30271840092274
4977,-15.728350020005205
10880,61.54091098824683
7517,-173.97884400082265
8986,94.61656628730661
9342,149.39938845125263
14446,12.137876684317103
1383,197.5810904773491
3797,-314.9527351868136
3234,-102.28015436010782
6297,69.12695586071571
8639,160.9479656121513
11104,-64.25568310334813
651,21.79056763744295
25,30.65355182001368
12197,-292.32926077616236
733,154.5228163883744
12961,-252.10751251715755
3368,152.56888722053893
7735,50.078032187703975
3285,9.558512523511457
636,-91.43530759866192
12025,-164.3764222855649
12220,293.1842865380317
14272,192.5490713637331
11589,-115.32893101455291
5840,93.91215229546133
295,-36.85170548569348
139,17.165312505959793
11239,-62.22590729999912
1455,-91.63523730243499
13373,113.06495517491894
5372,143.5435451306011
1302,-248.33782662625808
9545,-243.0466839340066
2427,324.62335887127904
1443,18.544656726564586
1800,167.81857977679073
8401,104.00497116398296
6319,-132.05489573711967
180,-187.1607109139341
5579,20.80225257767074
9076,268.96218293209165
14464,42.92054516289802
8212,-15.434411094466714
9191,-79.82307024236124
7188,-110.92455276329882
1630,-28.43089072427531
6674,38.691706870157226
12567,-148.50487412183782
6226,86.56580872000019
3499,-222.97060490012043
9255,141.03781331967414
6720,-125.74989989616815
11147,-55.81098072771788
9686,-162.2374837934475
6025,-108.88400768836507
12265,-181.8074401506627
5139,291.1209954588037
4178,156.0261674714083
1553,208.7489448795208
13414,36.98853668676763
9312,16.276415372059898
11196,124.19975037826246
12303,64.36362481906663
1728,-199.96305429130499
5330,44.38773895052117
2412,22.921182519705276
13817,3.582687192216231
1884,12.78457788731259
9857,116.91165348234021
4158,29.071079166415487
1174,65.40523192092256
10994,130.76647270704456
1882,-22.869711431152123
11812,-249.73399140358518
2067,-60.46940684085147
1518,115.27818250998543
13910,50.1519133250207
7736,179.5130491963018
26,-28.637446776769348
3570,-251.60646984934468
5298,-205.3722268758713
12753,-171.89466077109515
6099,141.41426654321685
13366,-54.05354359464289
6215,-195.26975495394592
5338,90.47798538094655
6940,219.5482565393484
923,-350.0959375940379
3548,-26.02339292975041
8129,-171.09401528778912
12447,-285.8524509251786
12086,-86.32552707440277
345,-158.7250054389165
1704,222.61278695913154
12779,-106.00368873753193
6550,-82.87136870442518
2304,64.28643901039676
1064,-30.838274810513543
5839,-171.1296008695596
5860,2.7870872941342264
9393,0.331990499967621
7477,-123.60064005102122
5948,-216.00032963158873
10769,15.934655485833378
7867,135.33890072866134
2135,-325.4605623877748
13843,-46.41384330261298
14424,104.87935807083531
8663,-28.358408263268462
10226,39.51977966584786
4986,-8.468565983500095
14799,136.97481107494613
5135,-39.138774325584556
13813,-39.75718065300362
9483,-122.51425160400268
11828,173.8602947238462
9512,-74.65549967971616
14442,-67.68390404042353
7340,-122.45542754277753
11173,123.97745756743772
13925,178.70578425334034
5293,25.941684439875953
9067,194.4116657409003
14358,-152.54925041562936
4290,109.05434807315609
9670,115.72328694737216
12558,-145.5078320589646
349,-144.6552551614503
8908,42.128561324063895
4707,343.67074581788194
7402,208.86129584485647
1444,5.428926894217214
11114,91.50443257666413
14584,-177.46223174453522
11482,-173.32518078581532
9473,-2.1829442179497494
4296,128.68317733251777
7235,-29.983239928234656
3293,6.725545509071215
8159,-339.2127254828527
9874,-19.163742749426138
4953,175.00809966292334
12212,110.23569140543465
997,-75.75545831484527
12703,-28.492742502840496
12463,-207.46555069032084
14761,-46.490946223136405
9933,-48.978586769389
9209,-237.34823162579798
4885,-157.48486772031606
4288,91.90478726826542
1707,51.19810642832059
2613,137.65854396226806
7504,-201.59192421395957
12773,-74.12042145598167
11811,-38.50369053283881
13468,11.541282378970074
3280,-277.81767728633537
9074,197.70366671591736
1395,-6.946599984432518
982,-40.32971068863966
4737,-71.74043180750293
8773,26.346966491222673
10879,55.4224639951437
3803,-66.97352650405679
1482,-305.05868085254036
9777,14.180994391842933
304,-269.2539542686375
3697,-58.18563452201699
10791,101.55456605344106
13786,268.4291193843828
2578,-238.9990604207624
2913,-31.68811780153104
5953,-87.37418577737837
8250,159.53522293149868
5291,97.0437477684972
2296,15.862531907907265
4391,-140.7528030757734
3058,-265.2848838105498
6778,153.56747801055
9108,-225.95983327004865
5985,312.1471688111646
11631,-105.41212339720487
11944,213.33499026197703
14123,-79.95987487495985
12028,-229.59373248992912
8004,192.59446311098839
8886,6.328071790119279
9004,-0.5418625375400795
7917,-31.972748777528405
4909,29.17535234810749
11181,-217.46316851457527
6520,52.87665754291603
5905,132.1558560143022
3407,287.45218883030986
6222,184.44423371356663
12506,174.86640398368164
3171,-189.1914311227621
13759,-111.38284695575672
9507,-68.90795828990665
10476,18.809381799409973
3286,79.45920806723248
10031,41.69643335395164
12875,74.61346337353969
8391,30.22966226272754
10390,-115.58439015031685
10982,25.990057708560546
13427,-135.331960090816
1563,-38.20180746582151
10173,-53.793576829655514
2236,-25.371023583483446
415,11.279589646535317
11029,-31.03514924395753
735,16.214163008900574
6454,-112.33527795755799
3354,-68.01351118093251
8892,-70.01697333473945
9521,-34.69666039561893
1766,15.72147881513153
12035,1.2761052849111576
8947,-350.95125915629797
8101,124.53597892073584
819,94.6206363604348
10503,227.28235654069655
1711,-84.92328655360951
2415,89.84063278817425
4996,-37.82028628152984
1795,-389.00912907414994
312,88.28609610060738
9304,-138.0724389342157
6779,35.984401136125804
11101,62.433707014774306
12149,32.8784864986256
4315,-122.41709267507962
10361,246.23966884606807
9644,-60.713488528732846
2443,102.92028946872215
3277,4.917602504162564
3062,148.67552141009816
7347,160.25359285481065
9411,-47.08801877257785
12507,7.975475684534339
8630,54.625933777906916
14270,128.5482877214239
3821,-147.01556375252147
7071,-72.63431344736654
2955,-199.0671593202098
14850,-287.30617197478614
3863,-15.551128572664977
8872,75.61346724647281
6727,24.298898330137227
7013,67.56966090563778
12021,-109.57911176224306
499,-63.278882342495926
12470,-101.5334886285515
14059,65.84514947524755
8216,-216.58223907499263
3740,-137.81783207684526
6618,-74.83440493670084
98,49.734154458467856
2305,118.932948417185
3742,163.68207740861993
13520,192.57918388589428
5571,-151.7034147926121
7061,9.348056707909254
14549,-175.33853076427224
891,43.84677397587674
1325,-140.6721826300173
4260,-129.12094119936413
4457,127.53748239540157
14400,250.81645782488587
11237,127.1250681067187
1428,14.68680666344471
14450,130.47324800014124
5614,249.58176363944438
4600,34.984865840009476
8158,-203.68894689862694
4080,121.44511266657594
11681,233.89723284557007
262,36.581180008743004
8197,106.57588210682445
4505,122.90642881011736
6385,-83.50594089389006
12477,248.0863096772669
14481,159.16299219710956
7423,50.98371574114583
8898,-101.2684140985392
9570,-97.25761311856135
14863,-203.1461341594413
10974,53.688761509517995
4727,65.03724033897683
10228,347.51383908391165
10127,-118.80418885590869
1072,52.29529460414661
10558,-116.00188213205307
10750,114.36750922683477
1181,63.085692313350755
6927,-291.25948654170054
12024,-363.67069341316875
5443,265.2345815089815
9998,53.710456680757396
8946,11.605974021826302
7745,-154.32663936102162
9292,-69.04273596112058
14492,-55.05062650987638
12870,-85.33048873156923
6412,150.22891378387106
3230,-32.65982485349191
713,-146.31410631533407
5482,108.97349820494514
13423,13.094398882205748
11162,71.59973299174823
4018,-138.76148383361237
579,159.8255850814265
2964,99.15008400074686
5429,-237.09609261698054
2572,-84.07539600666813
6152,59.54199086021175
7803,86.61661600421536
3441,54.039272680608406
6781,-57.52062191013975
13130,71.7647871035064
2246,79.51047303941985
4146,30.694744668304065
12929,148.65021299559803
6786,-63.23198309410384
10539,-12.318874675202963
2218,-279.74912792395827
12988,-179.68945371303116
10356,150.56365433952712
6794,98.81244209597953
4072,-87.06163158595155
2500,81.9917527132587
14601,20.50587172590129
8319,-194.81671381151656
11967,-72.84088322591985
2684,-4.052773107515233
1309,-6.956217049442851
10730,-198.36439802015607
6442,-67.76675085212595
10229,-2.64548542775363
1355,-63.60679558297243
4554,157.0318412876514
2224,-45.08492204305522
12840,60.53148082993467
9848,90.46741541080846
3616,-96.79831315770227
1321,49.964710396974105
1448,-98.74457661592501
12719,-11.629317661888773
7113,-155.88395838490263
3496,-146.79537220309223
2845,27.814797659356277
599,91.4519413526303
10154,-68.84336726451663
13007,-7.492467988081372
9862,5.295852103915824
7160,83.56779438374951
8771,-95.2754819673333
8964,-204.3299109378443
6684,36.55884400152586
11798,57.84891666711109
13637,-118.01484087974555
4631,121.97010308599904
11463,-22.600697859982066
1584,-186.84024211928684
4388,-39.51809148063819
14943,33.40399051122381
826,110.555057871219
7404,-63.492809919666485
9792,143.60000391402713
5130,-211.38317358648825
8617,11.696760358361695
10376,243.74253298424568
11346,31.047273808234753
4768,275.6407948830837
2472,-106.40144426517506
4621,134.13149312246082
1353,-5.384694854371122
2102,18.36137464895298
1144,-188.29043490034846
204,203.11431936653096
4641,-48.33255229193444
7004,152.50569114741435
13422,-174.3601815581445
1595,64.82552515613911
353,0.5167700219569055
7046,176.69909689859696
598,120.66419595953178
1642,-143.92564396542966
9390,60.30065549749349
3147,-78.07317669228455
13907,60.142819268179714
3637,-58.13618577165047
3425,-261.31777999483836
12918,-145.57826182524107
7862,141.8993298199508
10655,61.5729864353913
4777,103.31678263106794
8281,-34.73588729173762
7300,-80.42847467556057
11329,-115.49372875547336
11651,-112.05846992594884
4016,-150.98834270884876
9653,48.57213295829728
7169,-214.24432244023492
2163,193.61258660398155
12182,252.22758092242836
4092,-11.950647719517573
14926,105.34483913229342
6633,-118.25434471088168
6610,26.523424660548454
4351,-180.19076473091692
3882,-23.94058707561396
8740,71.07164420869012
10740,193.95696602921745
3519,-207.8780645595345
12140,-130.88253486938095
8279,161.78787098733656
2614,117.73483919321994
3980,37.03783254443423
9957,-213.41924435466927
11814,-109.78678040451291
13795,-39.189121328997764
921,-43.7925687068863
10324,17.399838603065714
3703,-99.59980353918361
11031,-132.41088186301332
6670,-139.86767939349815
4417,95.12417445894724
9471,-271.7678929353089
11721,-187.15244873617021
4899,65.11053579997447
10621,-32.07144953650258
14236,130.07524383795845
14789,45.952625183821574
7751,147.7795214943357
225,20.726211121044113
4355,109.32214027731786
7904,-316.85710340549053
4096,-23.450895398397574
570,8.876531877928683
11620,-119.57042473559186
6488,88.21812852445896
1905,-14.057004416652031
6626,6.449861398005727
4009,170.219710118343
9487,-69.1179009069093
14390,75.57860443566761
2486,5.031829665818084
2953,-132.37208954020355
13266,-164.6097671867011
11588,-1.3669068274161478
3648,93.12562283505406
6046,368.0744569090728
6105,-103.07052976809969
13478,80.12670303551174
8698,63.77743957724512
6273,-58.32327591168802
4504,133.43683801989727
4145,9.999118884122769
6430,-38.98669806885183
1429,91.93100719012288
11565,20.721463169468212
3923,-224.3786948079622
14187,64.313572509568
11314,103.5263862892527
541,345.15495646646326
13641,115.59191990426523
12307,159.50344252233478
9643,70.76314017074048
14784,111.93446713441789
12068,-88.81065531008898
2979,109.60674977711675
2263,40.10280483700698
5342,-32.92570408628168
11757,265.43549898170704
14500,-149.8753192467396
2877,118.09600330892083
5341,-22.354352598171314
1027,154.16296941619024
10962,187.04454574786914
8130,-54.226083674985425
11289,200.61541212859404
5043,-17.86452412668221
7100,-16.248987649259483
14147,86.17050417950281
8179,17.54192518352009
6191,269.0973845421122
1692,-10.92652774436917
8470,-37.92222349164417
8231,91.86715649232049
2308,-50.63895428046087
10205,-120.26957329267803
8380,171.51474029352568
1813,89.11335726376242
1652,-154.575221201879
14824,-68.31129171556029
6732,-155.83081867377265
14930,261.7693735258869
7093,9.244382740259557
3999,166.95422704520902
6852,23.327669427056417
8903,-147.4403421951636
14806,181.23154062568753
2525,-183.36142546795338
13712,91.49462108016657
13794,145.49304801995373
7815,111.1495849596098
9860,-81.19572437288357
3198,-211.4859049304543
14136,-51.331803060663916
14822,-234.2309477044047
1465,-87.50345707244873
6422,374.6687612388478
8611,151.00174387867114
14823,-127.80627851469855
12683,-36.853006852932864
3846,174.73656981194696
4591,97.4274068801338
2051,-210.71762212454294
11919,-147.86540739288986
10560,224.25409684764114
7858,76.33152902002875
7970,50.727996528753486
4135,-143.21993909824053
3957,116.97539723215698
11958,60.14048354236012
12600,146.2535124854621
10096,57.68647579574887
9988,-81.38343836557762
2122,-34.91796959186416
4684,-32.736469865753136
6560,66.65305167234256
11331,-325.61405423640497
10887,-166.2221204404261
12065,24.450307217566863
11666,-141.31342536412507
9928,-266.2688149649482
14751,-215.93747021441223
169,111.43800730130425
147,88.22807384756275
47,158.4873771973019
1409,-79.02361279088846
5972,219.57855236381624
12404,45.95356244377752
6567,69.57593436736734
3059,2.623685921694705
7323,-53.38721485196412
7298,46.4062917833058
9313,60.2422464833057
5893,-99.75494860017996
4770,96.32595064007754
2554,-4.890086620779921
3271,97.49563445454854
13300,-134.394001332875
11270,-286.3949480036053
12150,130.74928365854595
400,-172.63174865331263
10546,52.15059814056801
14927,27.170514139127103
3947,33.35985527805628
4343,-154.23895561814984
14575,110.010011422109
10844,-100.4488227688155
6122,135.1292716575259
584,-37.47768993556759
6453,32.226659295521365
4577,-63.30301393334761
14882,-26.09085972255999
6801,96.30905310757952
4317,-172.2488987413823
8295,119.5333575082179
4067,-6.569388876558459
12809,-6.982708166158996
7186,-184.00136002334622
8553,216.27255936655573
10395,257.5000365825199
10765,43.468133286942354
756,-21.301799491681333
11965,98.70125068333842
6672,-149.76472823165946
12726,63.96128608477695
816,127.96477754995257
4263,-67.79769620241153
1337,-337.9858514269226
8345,19.726451582248767
7754,165.74363563160392
13379,-133.9784209766053
14112,98.20266893703457
2487,114.53482078576046
12289,-69.14941153219878
3471,-18.73982182328825
3133,40.444937411215754
12930,48.3730360237566
13528,-206.70288723899782
7827,40.4616033667567
27,67.39311508343759
5642,-71.83951939711787
3410,50.09398641923854
13689,51.48365634841074
750,64.1108837559987
6948,98.33014144224269
11759,103.78595950309612
2662,-151.4857884566857
560,138.8694286802737
3732,-122.93433423913167
3002,-94.257018443116
11774,157.33190083018656
9464,63.50130161705659
1020,-133.2259525520707
5842,153.11941756736337
5538,-203.57444856481317
8100,-14.743874930995862
2463,-276.12485523394685
8118,125.678212182818
2759,24.588945499051643
5858,-225.80287790718953
13767,36.09807326067003
7016,14.973131661297918
8620,-115.10557460832739
6700,-6.418504922559289
11817,146.96900983528064
9664,122.5644403457997
8985,-13.051815391399517
1047,17.295272544809702
11338,-2.012418497073394
6586,-217.19432469603825
3592,71.30573911102208
4406,195.6211670683297
14597,-147.3251247414811
1393,135.5931627940902
7665,-79.75390478780649
14638,15.774055097344455
13606,-34.52746007459208
5875,323.6490246598924
8532,-150.92629065849255
4037,-18.34093682476284
5440,204.37857369577083
11978,125.97600563170074
619,67.48906939539981
11038,-415.2553812496762
7049,-9.013035601460597
1259,-175.05038890861377
2872,-83.51955178769937
3110,-49.14895869327228
10969,-92.97618296404187
14567,-133.06739955384234
63,40.300217647747516
10627,-250.58268964021315
2259,-22.270292483509397
3213,57.819513802440895
9688,57.94380832094959
6263,88.59702808348457
1451,65.18362546402798
9029,-88.17698729288645
97,-11.564199676198552
2424,177.41060271282464
10006,-86.74192532654955
11419,420.886091721848
511,-111.12018375727207
6188,39.57892960751274
5307,172.80682157447828
10874,83.89837893059601
1833,80.254542018652
6756,-116.43797810481706
14840,-100.76560597400304
1879,-186.91849151772658
13968,150.12799363386614
14587,63.68681719024894
7266,7.164790668599061
6465,-118.4679038071949
1396,35.038307755515326
6405,116.32703103880301
1939,-24.118540161152826
14127,59.841165751446944
14756,-62.47206082600679
12548,8.884477373680067
6282,-126.88673093739759
5774,-38.42536560467911
6425,60.25111507063736
4772,108.49707155812018
3374,-190.01094295543058
14828,-93.7099528419256
7048,-146.17560685883134
12317,134.3431310890712
4439,172.10904562786405
1557,141.45809555741835
7885,-303.2853132176816
9291,67.24373840582338
9018,18.81702316340142
3420,-76.99509078757707
14399,16.81605723483611
11059,-34.402175527447554
10442,130.6370975758919
4033,-320.79772567573707
11069,174.03689593041906
5185,-56.41965176907435
11400,4.039352640728706
5595,-285.4753862754009
9980,-218.86989739872675
8265,98.10318337225806
14920,12.508931434526882
5596,-203.4599618961202
13023,101.29011522926461
12223,74.08308530887939
13566,-153.44828229908816
5213,83.693286516813
14960,-46.08074139272701
12801,166.29964278128276
11487,-88.17979111399283
3787,190.39400422197045
2618,-14.453094383372974
11261,-120.21956355079219
12205,43.204071563062435
13062,-15.84980600148759
10047,-196.64642488666607
14975,-98.68763659334824
7435,64.47310593303527
6178,13.62494974373124
12574,137.59300744270146
1868,-136.2245561580456
7985,83.85265151623891
8267,37.04753695455686
5634,28.661547344812337
9642,38.7515952626367
4602,89.64014787966043
77,128.30092617423162
4564,-70.63286446988613
11192,176.25478201713827
7065,-133.8997262056045
4662,-143.29669478424918
4078,231.01108150668264
7810,-19.276563680483235
5942,89.9027789714914
5778,26.206578382649138
9707,-127.30257289384038
12406,149.24245042915194
1693,-60.781177897495546
13781,-66.20345514401426
14612,-66.18473244068075
7038,-289.70939075493305
2932,-165.3905777146937
3019,218.70954026121584
11770,-328.9429244155794
9613,188.63759737958554
2023,82.63069175649429
9379,-52.666538878520235
1858,-188.19632652672558
9963,41.813373926565966
558,-183.50551512272878
8466,-138.18115861724505
12263,-75.58103777315618
4969,-64.95141745696253
8005,126.65612610218228
370,-95.44050897937792
14783,122.92390567481796
9386,132.6697639013939
3652,88.38511125182468
3274,-214.43895459037404
6654,-142.9060124044869
13292,-65.63862721432567
3254,187.73688748880826
8344,-314.51175231971575
761,195.95497020165945
14066,71.81181289657867
8793,-184.7093311984706
4859,39.83714673976303
2660,-186.05578432821503
13809,-10.770665732630885
14408,88.17009913592926
13059,-242.4068815643803
3905,208.67106802386238
1060,183.20884200477744
14067,84.89083830837141
13822,193.96639581924862
14265,-5.7233292589728135
7809,-269.6865759085065
3148,159.94757040444236
3381,58.28138165970627
4253,-9.842975111820948
1688,129.74883045865136
1160,55.83228931809733
1475,-98.11310755867228
9714,70.18011796240431
2731,-163.64597919936577
6945,-263.7219177325928
13306,-85.60525718419355
2526,143.63234796523932
1588,-96.98514220259264
5402,30.31294121312575
2946,31.09416992224839
4516,192.63770522492987
2732,54.67267488210648
8647,85.35312974441204
10927,-85.10819994401471
4049,196.00085498631054
704,129.2999161894902
2815,-45.12909183693857
12724,46.705064271938156
7625,-220.62099882648963
5508,-41.700903976546854
12329,61.492020150329246
2272,-13.545183258442552
3982,-103.2512466044003
13568,-25.80404600459001
5548,-64.6294016437581
14595,53.0509728813817
12942,-11.823743545177901
3208,-105.79665838557433
10648,-16.49079324128476
4689,126.46555083756671
2686,128.6424313953082
1091,-179.79122351437888
3065,95.10424118463382
5928,-45.193108664896734
3879,358.44700888703267
14287,80.19275392378741
11887,18.27042945387029
13975,33.38344253289289
13186,135.5525177940576
4478,-184.31653889059893
6933,84.7219066769137
7127,-100.6051756191356
10853,-8.048884088193159
1781,47.96753174965631
10862,297.4446606532193
3207,117.95052391787165
6331,10.194648356372278
11685,-68.68636977932462
13304,-37.15623326311866
13491,8.356352710151842
7838,241.35681369972295
3237,-147.39632314947164
10283,-22.360984380963647
11826,151.2271098828709
11199,-119.91094396803358
3603,232.6745509350241
8551,-251.29102482780405
11946,-163.95602101257106
7722,270.78573658221654
9904,-37.70452456901071
5462,-260.40761006248465
9182,29.373469109464327
4820,-24.813053058487203
12486,-30.957088377959973
1035,-7.804966802226349
13904,-114.80527913474323
2034,-181.09463659768386
13058,153.98281165451118
661,-3.6753542040761746
7854,44.205368244281345
11340,19.209246165873775
3824,11.338899326468228
5535,-17.479191846866616
7275,75.5726457763359
8290,81.15555400247119
12831,57.22925425231943
1209,236.96234160068136
13899,51.5972237139359
1438,-152.39930537267574
2705,171.1793498847882
13343,194.97868937562455
14618,52.97653352533961
12624,44.51310115704735
8537,-97.1466327652645
8646,95.47300109152538
1322,136.38088435531193
4574,101.27586214722238
1743,-121.4721106497998
9674,-41.363515971757145
2868,183.19953483091788
5014,74.41360880497155
13877,73.95135698938996
6921,-141.70948534335363
13052,-29.823011877488906
4881,101.31785232417077
11433,-232.83216483542222
11883,-111.28709419178257
7157,-147.62309239762104
814,55.49689931039647
1183,-206.2259842801268
8154,126.79539517423068
6815,228.49330810868273
12299,-136.4632787153017
1323,-58.64046550232565
9408,-67.40053623514423
5629,-220.83088740522652
7708,-5.131326658732365
9920,71.13552909556395
13548,264.4837093570522
94,-241.185087272993
3649,-270.42548724430077
5734,66.36006621287116
4222,107.53333208078935
7163,129.41478860977776
3964,-19.792599326716044
5031,-119.67813258882182
13542,-69.05169156768328
12108,-139.63878695718617
11264,-136.86706325323476
11175,122.82138160041639
12358,60.59530109819368
12764,114.11269950350182
1156,-242.25905054128114
12864,-20.595557185546102
14405,-35.049587707868
1712,-195.13190566151673
1126,3.9769148096082927
3513,-1.465364336767688
9539,208.22710905674342
7900,155.37980155846108
4134,-162.98288612535842
10773,-234.52650701238093
6231,-55.91244804980719
13696,245.9128600586284
6183,-181.01794317689954
6096,40.390057749774634
14714,-97.31157136603002
6375,-113.8643114951948
2708,-97.92652008352178
14419,179.33682612973195
3509,64.02830006966785
13412,-40.656806259888135
5026,-171.5777991151168
590,221.100829751344
12400,-99.39091015266952
8382,16.490726015874596
14474,-327.6858640700509
10640,116.52331945979837
2863,20.160555856162137
10504,-330.5076334482891
8513,108.77664544011675
7852,136.20552319304548
9169,-69.26915534492545
6999,6.803793116351433
11322,192.19840448253382
7580,-76.90227809309799
12839,16.91129732073691
14634,-70.66911548516195
11272,-41.491744863371835
5184,-42.61854145633337
10734,234.05044641421765
839,-208.59242671580134
3694,-71.1693106223836
7631,-102.37701985114789
9791,23.68413042962027
3193,-111.2230292212844
4557,-226.6149988407063
1574,-179.5113631155438
13978,-43.52467044486471
122,-144.08716796660372
1192,-281.89212567890235
3968,-417.93324426064265
7356,-200.6787105763391
5628,56.07441762638549
2559,-290.49651392531354
7627,262.1598145517049
2528,87.1330432747642
3204,145.59629415315135
384,-156.34855327923725
3801,133.21264525087742
3822,-5.282538622664684
13001,-60.413395180900714
540,216.95098211730473
2878,132.05161425564748
8012,73.38873858123772
8704,-72.52182880807813
4896,23.401221251346232
9661,-30.281791090068687
5219,-204.0003482469116
7469,-8.041804691621596
8909,-113.21222485116084
6201,-185.37139654546272
521,-99.2771618501328
3018,167.14368541955565
5279,93.40694155448541
9951,230.67233172467232
10468,-37.246752634857806
13332,112.33911719483783
8817,339.2650426197249
10729,408.5199011772168
10513,113.98963107455839
14493,-245.68340179731572
537,61.92477975485986
10393,22.15901929938021
10124,-0.3198152997260907
13560,-374.81497712567756
7634,-160.3044384420724
14050,223.90024996505747
413,-342.78482118284444
4416,129.57233286895408
8887,-183.1529828597912
7190,118.00972149431384
3773,-253.78988747335902
13158,236.91639511042743
7077,-38.73532557149044
7091,63.15696241955686
5506,-175.02147248647762
9324,248.42619327962174
5358,51.73835380174586
4678,-13.855738413282877
4136,138.39314006457823
409,7.716070744696645
2769,42.54056553443248
6749,-381.65482487280786
7060,43.23108407464558
14232,12.690918888774075
2227,133.7923338418278
11458,71.16437302023007
9057,-59.840420225436254
12261,-124.3177648984888
1520,-86.69813236917201
14060,-181.98168536182274
12777,-74.99194964474722
13657,-162.9872554603566
10130,146.7882282276211
14360,166.08712481273304
9311,-60.81606071572277
8544,56.170700510740964
1835,33.446206397884104
8228,179.00463356516497
11203,-5.588080789781314
3639,-65.71580795834775
9316,-38.91048402341589
8983,199.35259442624496
7020,322.3333841180154
8229,-181.01071682118433
14766,47.28875071903171
9782,-254.6660856265735
10045,13.25874514829719
9078,11.774777726637243
3202,29.533078869912767
12849,-84.59115853060436
1223,-214.77282466424583
3673,-134.96104316627688
4368,-51.54088028073412
12660,121.16737167358643
12601,93.17048270547882
4989,-34.659576071500446
3972,107.11782777893278
14025,160.27572647308327
10800,200.13113468747352
13311,-41.7127729966737
9838,-152.87857613092277
10421,-10.957351263397694
2746,-249.26339861592604
3477,-2.674699309685305
5843,329.58359127973057
9098,75.8302803165624
10571,161.8780684938886
12521,70.47320828993762
10379,125.16499195660852
9990,-136.5325605229574
2334,-328.4614441674035
4045,-271.41445099058325
9087,-158.72134390602184
6367,-152.89020026901193
14933,-45.00748518409562
14311,-64.16674464450186
4376,244.37780975892443
11135,-200.42416760897467
643,230.60729549222887
403,30.6942135156427
13454,29.490957657267035
7012,104.44629493080991
7366,-33.41590513583798
11252,-135.43445904800672
7319,21.258114735804472
7864,-132.89913118236663
14031,-40.02396590021049
6788,208.74551308249502
12912,-28.101085531315956
6995,-3.0085373569844864
2000,30.457390549208327
12485,210.9236209890871
10680,-17.45788199051267
11426,285.4515655356795
5290,-37.24544261472041
1666,42.18462250468389
11831,-66.78322476620083
10012,-75.93714744272143
6913,92.24182528159218
14053,24.830719433842024
11597,36.869478533577826
2399,-90.35070246899295
12903,-22.69305008908853
8294,106.1656094481262
10436,-67.33385230067752
8456,-9.38175590161708
411,12.156246924977921
2642,148.97825937159524
13124,74.13193636437282
9892,-155.6400054680535
568,320.3469331531783
2376,-68.27859981049352
12173,-22.614450414063054
10187,203.01083475339107
8124,131.56719149519154
14542,104.87655564109423
10767,161.39224935493866
2495,55.586438152483446
3607,195.40074759354562
13655,-161.63919725218884
7490,140.5327814650627
1286,261.43250094377584
14906,43.61195644593502
12458,208.19915971950172
12589,-13.945953396762906
7420,63.018805834418785
6394,-24.192248641055755
14775,27.224346222921394
3708,-37.327506465297965
7139,-128.96782209086186
10308,-58.535024775413746
12604,16.13563751589079
3865,109.45572225750645
9233,-56.30403524338097
3596,-150.6706405075062
895,66.77027902997607
9097,319.11940169091656
13624,131.08432987583925
8749,136.77528760717942
14061,-82.046947831617
607,19.220761378363573
13908,217.15782329408586
7737,-219.58180232568344
8304,247.47155412204057
3003,-44.734365142821524
7948,-93.24828172592292
13932,-179.88346621308307
11476,82.3592512381086
7430,-1.2624800426748712
10779,-77.07399957685827
5727,14.860756952791117
5007,-200.93896203203875
14616,-164.88707372326212
12673,-72.22119341259894
13386,-58.250948969874635
11367,60.997485993490635
7761,-88.38594342576592
9222,28.170636764996235
7609,-69.50574797825783
7871,-144.03961786640602
4528,-205.66868422215026
14955,-84.49149734160524
8734,173.45610072450808
7572,-248.53945278874545
150,-21.32812399824911
5250,47.13866746795731
3941,-132.04538189291932
3054,88.51123373232305
11149,169.47732374147793
628,23.13860156415684
11256,-315.5913310460798
224,-180.3890935184512
10598,-170.6776641929516
11901,-150.1130156332029
2032,-132.17877419602945
11316,144.91148442584685
9563,241.8480343965092
7413,172.29375580402777
8901,-103.96363268600759
1290,-5.506606030802341
14092,281.4543079322016
5739,113.72931965319793
5804,157.58141872875186
14383,-16.636372306718354
11753,20.714221119863343
2768,-96.36504119965859
6664,-173.13258748642605
8589,-145.94585304301924
11229,-180.29271536812132
14395,-48.80732802629948
4626,-31.709397604064826
10465,97.09356867104243
6805,62.08019131878814
9419,7.767720762900528
13218,-307.4682450105746
13893,-71.05321654223697
1420,-66.56468952242683
2157,68.13321166309895
13134,-68.05474659387559
7072,119.1047678605091
12355,-59.79888136560846
6530,223.69773666772315
5343,54.09575580347531
6583,92.03362936172088
11037,21.96631340434119
2906,386.90252044045815
553,-154.37781934400311
13327,56.19095966511445
2852,-173.51238716954802
7387,-96.02258044531753
6671,-12.471810479834975
5590,-117.23511008864213
10184,70.90186163134253
8988,1.9383286621094027
524,-235.2701013189757
9270,-101.24091178018344
3155,226.22295197330678
11604,-30.399961047161394
11881,-25.86094539104346
14903,18.831325617124566
9083,-59.5536907188949
13607,69.7187009724754
3575,1.2454893969790573
9491,-27.64559798349127
437,-77.48986809536102
3309,55.566820241151724
7567,178.4755697104196
12865,180.82702774039095
5810,-14.855578663587448
2835,-136.15130532387985
12437,56.97520952814482
2238,30.41566612593098
9870,-35.39446579895183
10486,12.398088061710471
2054,145.3033698570836
7496,-181.61561770456996
2371,-123.82334362976569
6457,-134.30616939566198
4349,36.0641571108369
1229,15.651582078435442
1461,-21.09946635311077
2553,72.60028137821699
5044,-139.3127782475692
12545,-119.25676360569231
4280,-107.11550334618079
4395,-48.00784969471152
3598,-279.3291762117156
8774,279.5581487105635
14782,78.82228085286388
4584,-119.60377205727924
9261,-8.781535492241623
4432,114.65295005333036
8760,131.5451821942954
11434,230.40779949916612
10343,-114.73425213369585
14491,48.58673243381721
7094,-67.81216276530598
3348,88.6816160402071
7590,-84.34578704378389
6501,124.36479940708686
845,-59.19948442527237
10515,-181.49469092554835
11947,-38.99586782934012
11504,-9.18552913276104
5115,-135.91379640213128
17,-116.72504723437781
8041,-224.03935798608214
11453,60.98657271610565
4428,-77.03041955313073
7,12.552852879988865
794,46.01089364353159
7596,-285.4071271845122
11302,8.722879244606343
10992,11.377453142189612
2151,-218.413961154015
548,22.02116094669182
7159,40.60098469447635
13573,-99.56352945295039
8006,184.60176304669892
14318,5.200509900756704
806,42.26233691895538
6403,481.7035564207548
8606,135.031638804332
9133,51.1297890739759
3479,-125.6503633753595
12709,-40.064384457088956
11095,188.48349659537766
9806,40.90912805239906
14403,-156.83096708180986
7688,11.65318039166845
1242,289.9461789206099
637,-198.87086227536676
10139,27.104664573648098
12845,121.07869385310109
10217,59.94851928157774
9775,-158.42838979752224
10002,212.29331445962697
12146,220.45258982866645
13280,111.27365066432259
13204,36.09172482374476
11966,47.74039148194211
3687,-142.0996212662179
4598,48.67653505976223
3016,-183.23535374275818
4400,6.522156429117033
167,21.72168597643406
4566,35.61753817940559
5859,4.931909769456312
1576,-155.52611493685836
3464,204.6342250639586
7646,138.47514675214032
787,26.024924250354466
4385,60.983831204126226
5179,-177.9302627253341
11344,68.1586662258245
10823,-139.58913555294143
2934,-290.9951141349445
221,-118.5836153071834
1023,31.00026416637189
8471,-14.069776849492214
13325,-57.26685469282998
6607,-90.32007442125031
33,200.76702851681392
1757,61.9057633179314
7411,-135.1720814177629
14877,-208.93503257190113
5560,174.4444774775286
3297,-394.6711575709531
4294,-135.6639007944132
6358,-85.15122164223199
227,73.62889976668748
1600,-65.94256483516237
5680,-54.489063101902644
6455,-152.84488213621663
10892,44.590510135050195
243,-33.773386297479405
11977,200.4610991781939
6106,-8.756148376498334
3618,-132.26111595667916
109,292.91107090289216
977,123.33573575784364
2168,23.2963840349538
14945,28.979659629852588
12294,466.5318272623128
5056,155.52665614249884
14817,-34.49393920432713
7734,-43.95869050381106
11466,-28.707374578681033
11418,-76.81266050673946
12850,-28.197647887566976
9876,-210.3070349449479
14690,-239.6007204519219
4619,96.93958341789336
4511,28.528816221716365
10790,47.92366170047361
13208,96.31628257654512
4449,44.66047972444485
13883,-71.18571319433813
13016,-108.45011416435968
3189,-39.422647819509734
13552,45.908997955183914
1849,-212.898270468832
13419,-169.06370955649146
10280,36.006900594632235
6202,47.58261942396694
2077,35.29095578744461
10423,-3.743442458999876
58,129.14178379573914
10766,-78.71766695441622
5833,279.3878762045832
3722,82.17764733123254
9790,-11.930694973899957
850,-301.3544779763077
7521,-342.61393050195187
3655,25.35087986828144
5042,183.6167069896918
1572,188.41179600820072
10921,164.62761852970388
3955,210.64418839381315
1943,182.84063015038245
10172,-304.5990443823287
9906,291.36235980363466
10902,21.298069248244875
14387,-24.462635353868553
7330,-2.702898716537358
11506,40.942856952018175
8686,12.721139592372655
4331,66.75253410788078
10425,-333.3214243813335
7648,267.8543903613731
2633,-216.92236914449367
11592,209.275558650892
5207,-109.48481383777026
1946,18.83130336393125
3642,-162.45192693439785
14669,-58.32033980473296
11522,-101.43833980535864
2843,-45.95285586785271
493,114.37492150833394
1299,-45.896215633602914
11952,50.18233316760717
7642,-292.63954759832
7043,23.357209531430673
4102,-30.98546618274607
11062,-152.72760954538936
3419,-72.3825634655943
2640,-300.0642735097469
4214,-253.18348776865525
14230,219.58002486623505
6996,-2.85347672210867
5369,-36.026958232407104
3657,103.25535097561065
8689,21.25919011333617
12438,-111.10355726036458
7198,-104.57619431311737
3876,-83.73618002246062
2821,3.8491395807293753
4137,215.33241627723515
6392,-120.12137757960313
1061,-165.55177448530821
10334,-62.68303160206671
11911,13.630464996319464
5371,-83.97921089254557
5280,116.92290395284994
12693,-141.0012932091574
498,228.2544160603261
10473,-179.04505515779306
5471,-243.28601810259633
1727,123.84425183841874
1803,0.7121570046886389
1804,-149.45633374901618
11531,-61.61205320297733
9241,-72.09857535193447
2223,-44.576377800547256
9318,56.74218398305094
9086,-98.2686246193119
4011,118.96684869139013
7355,128.15409692188766
9505,-27.90787725300355
8786,-6.491817301559734
11011,-102.60766110492155
3472,-130.56333841531375
7903,230.73623242334315
4245,-144.09362985868202
5949,128.5870417183127
12902,69.33511818449801
4098,-70.9805214593989
3414,-253.16882690798334
5035,56.716682403249
3791,-37.59570486500396
14730,121.6999920516048
3000,-196.18059660458587
4089,24.471257807365806
9536,-55.73318436608583
12556,-190.4747289172483
4042,21.63989125433788
13088,-112.10361227540251
9529,15.106778972987911
3415,185.3105733986322
2284,39.644852984408146
7676,226.47972265578935
4316,34.702948291605885
7003,37.97380520625399
864,121.75474715845895
2127,141.34877852945624
3899,37.75811420221092
11989,-390.25034236142073
13453,-196.5646726735521
5939,-42.47708424193917
6949,33.6472407480644
5886,67.66777221884293
388,151.82907718258357
1671,-35.50937665848297
12398,-46.696154881265564
5010,-71.20366922463786
2179,44.40701538271876
7902,203.64706018309602
4721,-184.78183252351232
1695,-153.44579883452553
5114,-12.488959193114798
9111,70.2434885175774
7925,-78.73259608679388
12696,-103.39388336692798
13406,95.50407624566996
9961,-3.927000644636976
1197,-159.9018959538514
2593,123.50619033278308
1277,-83.24632826612832
2972,21.202969747327376
8543,-31.760973356730656
6716,-18.569846152425125
4877,-27.891034966772555
1255,-149.60028491731825
10034,-254.02562846453569
13281,137.81686490598116
5201,-69.89321128454016
993,238.43508064217343
12462,98.24149392882005
4994,-44.45522431143369
3020,178.65084596179742
12158,-34.849369932022576
1525,-130.47748041775012
5512,-174.49474392931086
2522,56.38228840919272
13250,130.55846457658694
2418,-126.70794384536042
2261,108.13841014801086
707,123.10945984104227
1358,-156.1424173287771
4606,150.9534362190076
3115,207.97686687075955
7866,-64.24701236183382
4381,240.8741524621105
12555,-131.74190197301076
9757,-261.7749433814776
11123,-33.62892417832313
9758,-215.25613241541006
5352,-175.70763968238504
10296,-121.34352694358357
4143,210.43415451990478
6725,-75.35042155873057
1320,245.31753716310678
2823,-49.6274868677727
3896,-69.57558688907214
8921,32.923947501287
9993,-12.422760527374276
14170,88.32017161705136
10575,39.8424620709968
1513,-33.814582120123454
5789,-123.10796967888832
7001,56.74823280889699
3515,35.47005494414642
5752,204.71392894463926
4579,262.3507162788822
1509,81.20647018626177
7165,202.51030533004138
6190,93.01998379813203
2925,-160.67934580732683
3377,-118.14394394249247
7840,191.5215299736232
4667,-98.96158645362901
4436,77.46513816780026
9854,-191.54171459059464
4992,-110.00303244946504
4958,83.01856426304661
8654,-121.50259337818916
5678,-68.55580232949009
11395,-67.63851068882408
11675,30.85730256961415
12517,-252.14069711781275
12211,-99.4618975134161
3375,40.64179907187649
2641,61.794684614395955
14181,138.05715500492653
7156,32.875414413588054
6427,-0.4136960548369396
4691,315.31947616529794
11720,-56.268955361126494
6135,-19.669710088344473
10156,170.39833669803738
8718,-70.08357774491851
8210,55.29539525631967
16,90.58732447997225
13409,14.528328430123128
3183,-28.35343506730045
3909,56.784607368068656
2192,-157.70783530730452
5933,83.0140836270243
10316,-69.84306538201315
5779,-111.61337558381084
9279,-51.36239552973651
4356,-14.282318929632513
8648,273.25129608414244
5513,-119.51960485781483
12429,110.40173001444863
6164,-186.5168886608474
8702,-42.58819970906042
7577,-23.047117273773996
